group-id	STD-NC	STD-NC	STD-NC	STD-NC	STD-NC	STD-NC	STD-NC	HSD-NC	HSD-NC	HSD-NC	HSD-NC	HSD-NC	HSD-NC	HSD-NC	HSD-NC
subject_id	S210421121682	S210421121683	S210421121684	S210421121688	S210421121689	S210421121690	S210421121694	S210421121695	S210421121696	S210421121697	S210421121698	S210421121699	S210421121700	S210421121701	S210421121702
Bacteria	1.0	1.0	1.0	1.0	0.9981764527845036	1.0	1.0	0.9986002898514821	1.0	1.0	1.0	1.0	1.0	1.0	1.0
Eukaryota	0.0	0.0	0.0	0.0	0.001823547215496368	0.0	0.0	0.0013997101485179176	0.0	0.0	0.0	0.0	0.0	0.0	0.0
