group-id	NC	NC	NC	NC	NR	NR	NR	NR	NR	STD-NC	STD-NC	STD-NC	STD-NR	STD-NR	STD-NR	HSD-NC	HSD-NC	HSD-NC	HSD-NR	HSD-NR	HSD-NR	STD-NC	STD-NC	STD-NC	STD-NC	HSD-NC	HSD-NC	HSD-NC	HSD-NC	HSD-NC	STD-NR	STD-NR	STD-NR	STD-NR	HSD-NR	HSD-NR	HSD-NR	HSD-NR
subject_id	S210421121673	S210421121674	S210421121675	S210421121676	S210421121677	S210421121678	S210421121679	S210421121680	S210421121681	S210421121682	S210421121683	S210421121684	S210421121685	S210421121686	S210421121687	S210421121688	S210421121689	S210421121690	S210421121691	S210421121692	S210421121693	S210421121694	S210421121695	S210421121696	S210421121697	S210421121698	S210421121699	S210421121700	S210421121701	S210421121702	S210421121703	S210421121704	S210421121705	S210421121706	S210421121707	S210421121708	S210421121709	S210421121710
Bacteria	1.0	1.0	1.0	1.0	1.0	1.0	1.0	1.0	1.0	1.0	1.0	1.0	1.0	1.0	1.0	1.0	1.0	1.0	1.0	1.0	1.0	1.0	0.9986002985204041	1.0	1.0	1.0	1.0	1.0	1.0	1.0	1.0	1.0	0.9999164054336468	0.9995378622829604	1.0	1.0	1.0	1.0
Eukaryota	0.0	0.0	0.0	0.0	0.0	0.0	0.0	0.0	0.0	0.0	0.0	0.0	0.0	0.0	0.0	0.0	0.0	0.0	0.0	0.0	0.0	0.0	0.0013997014795959445	0.0	0.0	0.0	0.0	0.0	0.0	0.0	0.0	0.0	0.0	0.0	0.0	0.0	0.0	0.0
Archaea	0.0	0.0	0.0	0.0	0.0	0.0	0.0	0.0	0.0	0.0	0.0	0.0	0.0	0.0	0.0	0.0	0.0	0.0	0.0	0.0	0.0	0.0	0.0	0.0	0.0	0.0	0.0	0.0	0.0	0.0	0.0	0.0	8.359456635318704e-05	0.00046213771703967785	0.0	0.0	0.0	0.0
